{"bbox_swne": [32.771983, -117.069563, 32.805287, -117.017103], "nx": 123, "ny": 93, "spacing_m": 40.0, "margin_m": 150.0, "row0": "north"}