{"bbox_swne": [32.755447, -117.238233, 32.849321, -117.12851], "nx": 256, "ny": 261, "spacing_m": 40.0, "margin_m": 150.0, "row0": "north"}