{"bbox_swne": [32.757764, -117.235688, 32.848732, -117.133036], "nx": 240, "ny": 253, "spacing_m": 40.0, "margin_m": 150.0, "row0": "north"}